id;title;description;img_url;user
1;Jurta;Lorem ipsum dolor sit amet consectetur adipisicing elit. Dignissimos necessitatibus corporis modi voluptates eum odio! Doloribus atque eos consectetur sint omnis optio quasi, enim tempora incidunt nobis quibusdam laboriosam tempore?;https://unsplash.com/photos/y8Ngwq34_Ak;Viki
2;Erdő;Lorem ipsum dolor sit amet consectetur adipisicing elit. Dignissimos necessitatibus corporis modi voluptates eum odio! Doloribus atque eos consectetur sint omnis optio quasi, enim tempora incidunt nobis quibusdam laboriosam tempore?;https://images.unsplash.com/photo-1516214104703-d870798883c5?ixid=MXwxMjA3fDB8MHxwaG90by1wYWdlfHx8fGVufDB8fHw%3D&ixlib=rb-1.2.1&auto=format&fit=crop&w=750&q=80;Viki
3;Mátra;Lorem ipsum dolor sit amet consectetur adipisicing elit. Dignissimos necessitatibus corporis modi voluptates eum odio! Doloribus atque eos consectetur sint omnis optio quasi, enim tempora incidunt nobis quibusdam laboriosam tempore?;https://images.unsplash.com/photo-1603991488459-73de26c7c4f8?ixid=MXwxMjA3fDB8MHxwaG90by1wYWdlfHx8fGVufDB8fHw%3D&ixlib=rb-1.2.1&auto=format&fit=crop&w=667&q=80;Viki
4;Falafel;Lorem ipsum dolor sit amet consectetur adipisicing elit. Dignissimos necessitatibus corporis modi voluptates eum odio! Doloribus atque eos consectetur sint omnis optio quasi, enim tempora incidunt nobis quibusdam laboriosam tempore?;https://images.unsplash.com/photo-1558458580-23a6eb22a071?ixid=MXwxMjA3fDB8MHxwaG90by1wYWdlfHx8fGVufDB8fHw%3D&ixlib=rb-1.2.1&auto=format&fit=crop&w=750&q=80;Viki
5;Mozi;Lorem ipsum dolor sit amet consectetur adipisicing elit. Dignissimos necessitatibus corporis modi voluptates eum odio! Doloribus atque eos consectetur sint omnis optio quasi, enim tempora incidunt nobis quibusdam laboriosam tempore?;https://images.unsplash.com/photo-1524985069026-dd778a71c7b4?ixid=MXwxMjA3fDB8MHxwaG90by1wYWdlfHx8fGVufDB8fHw%3D&ixlib=rb-1.2.1&auto=format&fit=crop&w=751&q=80;Viki
6;Vác;Lorem ipsum dolor sit amet consectetur adipisicing elit. Dignissimos necessitatibus corporis modi voluptates eum odio! Doloribus atque eos consectetur sint omnis optio quasi, enim tempora incidunt nobis quibusdam laboriosam tempore?;https://images.unsplash.com/photo-1559930905-395ca7f154ac?ixid=MXwxMjA3fDB8MHxwaG90by1wYWdlfHx8fGVufDB8fHw%3D&ixlib=rb-1.2.1&auto=format&fit=crop&w=750&q=80;Viki
7;Online puzzle;Lorem ipsum dolor sit amet consectetur adipisicing elit. Dignissimos necessitatibus corporis modi voluptates eum odio! Doloribus atque eos consectetur sint omnis optio quasi, enim tempora incidunt nobis quibusdam laboriosam tempore?;https://images.unsplash.com/photo-1611517976630-163467322778?ixid=MXwxMjA3fDB8MHxwaG90by1wYWdlfHx8fGVufDB8fHw%3D&ixlib=rb-1.2.1&auto=format&fit=crop&w=750&q=80;Viki
8;;Lorem ipsum dolor sit amet consectetur adipisicing elit. Dignissimos necessitatibus corporis modi voluptates eum odio! Doloribus atque eos consectetur sint omnis optio quasi, enim tempora incidunt nobis quibusdam laboriosam tempore?;;Viki
9;;Lorem ipsum dolor sit amet consectetur adipisicing elit. Dignissimos necessitatibus corporis modi voluptates eum odio! Doloribus atque eos consectetur sint omnis optio quasi, enim tempora incidunt nobis quibusdam laboriosam tempore?;;Viki
10;;Lorem ipsum dolor sit amet consectetur adipisicing elit. Dignissimos necessitatibus corporis modi voluptates eum odio! Doloribus atque eos consectetur sint omnis optio quasi, enim tempora incidunt nobis quibusdam laboriosam tempore?;;Viki
